,discriminator_loss,discriminator_xpred_loss,discriminator_yfake_loss,discriminator_yreal_loss,generator_loss,generator_xpred_loss,generator_yfake_loss,generator_yreal_loss,loss,val_discriminator_loss,val_discriminator_xpred_loss,val_discriminator_yfake_loss,val_discriminator_yreal_loss,val_generator_loss,val_generator_xpred_loss,val_generator_yfake_loss,val_generator_yreal_loss,val_loss
0,6.930024375576945,0.6929875093804309,0.8735806148433121,0.6192502005565801,6.930013239031007,0.6929875093804309,0.5452499682381309,0.8365914190309287,13.860037459424262,6.92360271914252,0.6923460894617541,0.7186379580662168,0.6998061784382524,6.923601469500311,0.6923460894617541,0.6683007741796559,0.7386813796799758,13.847203978176776
1,6.91800981724756,0.691786945924251,0.688514037245124,0.7141086180534588,6.918011865672275,0.691786945924251,0.698192370361125,0.7265621910433797,13.836021412053757,6.906684960990116,0.6906548648044981,0.6489306536214104,0.715377010148147,6.906694468136491,0.6906548648044981,0.7394132351053172,0.721466850412303,13.813379485031653
2,6.899212935972496,0.6899077578409184,0.6392125617822951,0.7132239891932561,6.899225203948613,0.6899077578409184,0.75021445433769,0.7260374888865906,13.79843813992111,6.885986337990596,0.6885854400437453,0.6219191489548519,0.6986453409852653,6.886004960948023,0.6885854400437453,0.7698415883656206,0.7372088530967975,13.771991243033574
3,6.878147178853052,0.6878016129047912,0.617181960294938,0.6937931966499464,6.878168069399321,0.6878016129047912,0.7753790412428816,0.7446579587530102,13.756315338541064,6.865040539050924,0.6864912398930254,0.6061888501561922,0.6782750224245006,6.8650667354978365,0.6864912398930254,0.7883943397423316,0.7574676341023938,13.730107695480873
4,6.857329185192402,0.6857201457023621,0.6029871025029019,0.6736554037889785,6.857357163401045,0.6857201457023621,0.7922593369286441,0.7648456668007303,13.714686258304754,6.844893665971427,0.6844768018558107,0.5938787423331162,0.6599882726011606,6.844926117206442,0.6844768018558107,0.8033672135451745,0.776340546279118,13.68981978317787
5,6.837402225246091,0.6837277535856123,0.5913760644444347,0.65589662698599,6.837436557521482,0.6837277535856123,0.8064687678799827,0.7832784853743379,13.674838782767573,6.8257278705465385,0.6825605466448027,0.5832398122754591,0.6441192306321243,6.825766043827452,0.6825605466448027,0.8166430761074198,0.7932375973668592,13.65149391437399
6,6.818526696876662,0.6818404649136335,0.5812575506740774,0.6404557506713642,6.8185664549381775,0.6818404649136335,0.8191572149124371,0.7997915272176619,13.637093448074612,6.807712965998157,0.6807592655050343,0.5740688895357067,0.6303028045029476,6.807756594953866,0.6807592655050343,0.8283463399985741,0.8083550124332822,13.61546929458092
7,6.800820384505233,0.6800700630662004,0.5726123776661574,0.6270216498854597,6.800865181804409,0.6800700630662004,0.8302314948048112,0.814533226588774,13.601685540915947,6.790855802338699,0.6790737184984931,0.5663015480699211,0.618351725052143,6.790903245991674,0.6790737184984931,0.8384524267295311,0.8217351017327145,13.581759314701475
8,6.78425400638016,0.6784135960262908,0.5652943609734259,0.615413219618374,6.784302618376602,0.6784135960262908,0.8397791188144119,0.8275473854950899,13.568556599363067,6.775090405036663,0.6774973733671781,0.5597265699814106,0.6080802991472442,6.775142140224062,0.6774973733671781,0.8471501703920036,0.8334534698519214,13.550232755726782
9,6.768758565011109,0.6768642078489947,0.5591064395283806,0.6054311712112652,6.768810811127431,0.6768642078489947,0.84797971417918,0.8389344931354185,13.53756953132223,6.76034750773989,0.6760232214269967,0.5541745259844023,0.5992852934475603,6.760402103950238,0.6760232214269967,0.8545991885251012,0.8436401617938074,13.520749822156183
10,6.754263245847803,0.6754148154569095,0.5538931933380443,0.5968731140949317,6.754318443275768,0.6754148154569095,0.8549813709315464,0.8488314952370684,13.508581624228574,6.746556508952174,0.6746442449503931,0.5495106512102588,0.5917775783045539,6.746614232556573,0.6746442449503931,0.8609321232499747,0.8524373190156345,13.493170797413793
11,6.7406995762029345,0.674058565726647,0.5495280189627021,0.5895558359354911,6.74075772494254,0.674058565726647,0.8609105073488675,0.8573799292011374,13.481457095174395,6.733652223389724,0.6733539314105593,0.5456218719482422,0.5853911157312064,6.733712064808812,0.6733539314105593,0.8662663398117855,0.8599827495114557,13.467364133637528
12,6.728003620395999,0.6727890922473028,0.5459037856942803,0.5833197288964627,6.7280639981377055,0.6727890922473028,0.865880092925574,0.8647146817495132,13.456067553638707,6.721572774032067,0.672146043284186,0.5424112463819569,0.5799822478458799,6.721634312333732,0.672146043284186,0.8707076681071314,0.8664050036463244,13.443207142270845
13,6.716114523848133,0.6716002331682916,0.5429281246732678,0.5780269828068434,6.716176512678699,0.6716002331682916,0.8699925792287793,0.870960559365312,13.432291217104218,6.710259960437643,0.6710148429048473,0.5397948318514331,0.5754271951215021,6.710322929250783,0.6710148429048473,0.8743520769579657,0.871821783739945,13.420583310620538
14,6.704975232570129,0.670486380715342,0.5405210193092301,0.5735587823320423,6.705038792988252,0.670486380715342,0.8733408419338203,0.8762319645232702,13.410014180742072,6.6996598145057416,0.6699548745977467,0.5376997109117179,0.5716190568332015,6.6997240033643,0.6699548745977467,0.8772870853029449,0.876340624381756,13.399384084241143
15,6.694532662453736,0.6694421849307224,0.5386127716690831,0.5698125154309018,6.694597447412254,0.6694421849307224,0.8760090671347444,0.8806330000860452,13.389130044970992,6.689720347831989,0.6689610177072985,0.5360622747191067,0.5684652657344423,6.689785911296976,0.6689610177072985,0.8795911258664625,0.8800589890315615,13.379506525500068
16,6.68473811121382,0.6684627903283701,0.5371425670279554,0.5666993115780622,6.684804055817734,0.6684627903283701,0.878073186211332,0.884258021969767,13.369542437897632,6.680396948189571,0.6680286966521164,0.5348269314601504,0.5658855980840223,6.6804635212339205,0.6680286966521164,0.8813354734716744,0.8830650917414962,13.360860258957436
17,6.675545466722116,0.6675435558578672,0.5360572253458599,0.564141958775605,6.6756121844229614,0.6675435558578672,0.8796017907074922,0.8871923593374399,13.35115774143377,6.671644835636534,0.6671534920560902,0.5339450227803197,0.5638101610644111,6.671711829612995,0.6671534920560902,0.8825839630488692,0.8854382605388247,13.343356875715585
18,6.666912186075244,0.6666802510001956,0.5353102299588672,0.5620731880678933,6.666979470901941,0.6666802510001956,0.8806563552314713,0.8895129138196008,13.333891772659573,6.663423745385532,0.6663314173961508,0.5333738594219603,0.5621779589817442,6.663490851172085,0.6663314173961508,0.8833939412544514,0.8872503218979672,13.32691438609156
19,6.65879882157907,0.6658689242142898,0.5348605820413171,0.5604343650609078,6.658866492954232,0.6658689242142898,0.8812921516288666,0.8912888303310913,13.317665585399379,6.655696105957031,0.6655586509869016,0.5330758448304801,0.5609357044614595,6.655763632675697,0.6655586509869016,0.8838169467860255,0.8885652118715747,13.311459949098785
20,6.651169223898261,0.6651059653632034,0.5346722620478749,0.5591742050718274,6.6512371012445035,0.6651059653632034,0.8815588199880702,0.8925821594232638,13.302406570615148,6.648428229627938,0.6648318619563662,0.5330180423013096,0.5600367229560326,6.64849596681266,0.6648318619563662,0.8838991066505169,0.8894407675184053,13.296924196440598
21,6.643989263906986,0.6643880009651184,0.5347137295988185,0.5582475009754565,6.644057256935616,0.6643880009651184,0.8815005777855597,0.8934487210222956,13.288046701419988,6.641586668738004,0.6641477177883016,0.5331712278826484,0.5594399970153282,6.641654616388782,0.6641477177883016,0.8836815480528206,0.8899285061606046,13.28324149559284
22,6.637228246271258,0.6637118850233992,0.5349568368415155,0.5576148181271976,6.637296419877273,0.6637118850233992,0.8811570751596485,0.8939383238024966,13.27452466614853,6.635143289894893,0.6635033837680159,0.5335097103283323,0.5591093478531673,6.635211237545671,0.6635033837680159,0.8832011522917912,0.8900747122435734,13.27035473790662
23,6.630857055709207,0.6630747579258575,0.5353769868083255,0.5572412246783104,6.630925139026529,0.6630747579258575,0.8805637430157182,0.8940955548596805,13.261782104447043,6.62907001561132,0.6628960724534659,0.5340107679367065,0.5590130004389533,6.629138019167144,0.6628960724534659,0.882490756182835,0.8899204669327572,13.258208189339474
24,6.62484850121673,0.6624739085428814,0.5359523243452671,0.5570960267055669,6.624916584534053,0.6624739085428814,0.8797520815268071,0.8939604233707902,13.249765176039476,6.623341083526611,0.6623231859042726,0.5346542736579631,0.5591227876728979,6.623408876616379,0.6623231859042726,0.8815797378276956,0.8895027670367011,13.246749904237944
25,6.61917852085723,0.6619069011959099,0.536663468772843,0.55715211361823,6.619246423597167,0.6619069011959099,0.8787503397676366,0.8935683898671845,13.23842503474309,6.617934250009471,0.6617824731201961,0.5354222811501602,0.5594139205998387,6.6180017767281365,0.6617824731201961,0.8804941567881354,0.8888542421932878,13.235936237203664
26,6.61382407126342,0.6613714465728173,0.5374932518372169,0.5573854481680154,6.613891612848587,0.6613714465728173,0.8775835657966208,0.8929512987475423,13.227715593823314,6.612826880093278,0.6612717480495058,0.536299072462937,0.5598644363469091,6.612893929974786,0.6612717480495058,0.8792574183694247,0.8880043350417038,13.225720964629074
27,6.6087636693694884,0.6608654183043531,0.538426453897939,0.557774809337932,6.608830940088577,0.6608654183043531,0.8762740351744658,0.892137499603294,13.217594609458066,6.607999212988492,0.6607889245296347,0.5372705825443925,0.5604547369069066,6.608065786032841,0.6607889245296347,0.8778900335574972,0.8869790751358558,13.21606520948739
28,6.603978422266492,0.6603868494372396,0.5394496021891487,0.558301300692135,6.604045216148422,0.6603868494372396,0.8748416971172807,0.8911521265492637,13.208023522732526,6.603432806606951,0.6603322600496226,0.5383243207273812,0.5611676454544068,6.603499169185244,0.6603322600496226,0.8764105061004902,0.8858017518602569,13.206931975792195
29,6.599449397544183,0.659933940546047,0.5405506928996927,0.5589481697985407,6.599515624300262,0.659933940546047,0.8733041261780191,0.8900177619866365,13.198964931555754,6.599109485231597,0.6598999331737386,0.5394492531644887,0.561987774947594,6.599175160506676,0.6598999331737386,0.8748352202875861,0.8844928864775032,13.198284491177263
30,6.595159623749863,0.6595049599218651,0.5417189774428599,0.5597006089588594,6.595225554246169,0.6595049599218651,0.8716770586882823,0.888754359011114,13.190385152602337,6.595014101883461,0.6594904081574802,0.5406354328681683,0.5629013809664496,6.5950797212534935,0.6594904081574802,0.8731787196521101,0.8830709527278768,13.190093612670898
31,6.591094381005101,0.6590984156851233,0.5429449991361629,0.5605453922903749,6.591160105530327,0.6590984156851233,0.8699744848104624,0.8873796685207525,13.182254305958043,6.591133180157891,0.6591022195487187,0.5418740909675072,0.5638963987087381,6.5911976912925985,0.6591022195487187,0.8714539593663709,0.8815521786952841,13.182330927355537
32,6.587239161045594,0.6587128420553264,0.5442203145760757,0.5614707018496722,6.587303802106508,0.6587128420553264,0.8682087321253218,0.8859095661597844,13.17454260199733,6.5874502675286655,0.6587339121719886,0.5431574192540399,0.5649619817733764,6.587514035455111,0.6587339121719886,0.8696723415933806,0.8799511568299655,13.174964036612675
33,6.583580158165926,0.6583469196184147,0.5455373649061079,0.5624660503934826,6.583644271602292,0.6583469196184147,0.8663907054613328,0.8843581055748392,13.167224545450605,6.583953739034719,0.6583842922901285,0.5444784772807154,0.5660885107928308,6.584017451056119,0.6583842922901285,0.8678440743479235,0.878280626494309,13.167970979624782
34,6.580104641660431,0.6579993628185882,0.5468894483069696,0.5635221187884991,6.580168393942026,0.6579993628185882,0.8645302998949085,0.8827378372468891,13.160272970707458,6.5806327819824215,0.658052187130369,0.5458309732634445,0.567267371046132,6.580696283537766,0.658052187130369,0.8659782754963842,0.876552124681144,13.161329065520189
35,6.576801669668164,0.657669039167596,0.5482705782151082,0.5646305994169246,6.576864880217603,0.657669039167596,0.8626360681635388,0.8810596910454113,13.153666434203378,6.577476330461173,0.6577364588605946,0.5472094445393003,0.5684908961427623,6.577538246944033,0.6577364588605946,0.8640827409152327,0.8747757821247495,13.155014787871263
36,6.57366072637795,0.657354914577755,0.5496754512278992,0.5657839274265357,6.573723138436764,0.657354914577755,0.8607155821732515,0.8793337736609419,13.14738377452602,6.574472772664037,0.6574360925575783,0.5486089352903695,0.5697522245604416,6.574534422775795,0.6574360925575783,0.8621646494700991,0.8729605604862345,13.149007139534787
37,6.570670663957765,0.6570558999417097,0.5510992697004736,0.5669755300826574,6.5707325342844225,0.6570558999417097,0.8587756678902891,0.8775685662348595,13.141403469108266,6.571614225979509,0.6571502151160404,0.550025003120817,0.5710453132103229,6.571675343349062,0.6571502151160404,0.860230357893582,0.8711143608750969,13.143289513423525
38,6.567823878406773,0.6567711752547315,0.5525377918277267,0.5681995375621953,6.567884910741501,0.6567711752547315,0.8568223601967625,0.8757719411652469,13.13570881454197,6.568891660098372,0.6568779045137866,0.5514538000369894,0.5723647047733439,6.568951879698655,0.6568779045137866,0.8582852322479774,0.869244254868606,13.137843539797027
39,6.56511078219442,0.6564998337503015,0.5539872671020102,0.5694505692233701,6.565171272796992,0.6564998337503015,0.8548608175396214,0.8739507441689982,13.130282260962492,6.566295929612784,0.6566183209419251,0.5528917164638125,0.5737054537082541,6.566355672375909,0.6566183209419251,0.856334126817769,0.8673564746462066,13.132651546083647
40,6.562523319876406,0.6562410730582017,0.5554443350910435,0.5707238277740027,6.5625833477494275,0.6562410730582017,0.8528957634987916,0.872111067616728,13.125106642232138,6.563820191087394,0.656370735168457,0.5543357914891737,0.5750632035321203,6.5638794570133605,0.656370735168457,0.8543815172951797,0.8654566107125118,13.127699648100755
41,6.560054674656434,0.6559941892087813,0.5569059926377246,0.5720150992715147,6.560114070508607,0.6559941892087813,0.850931224032972,0.8702583591613544,13.120168810060038,6.561457867457949,0.6561344442696407,0.5557830325488387,0.5764342184724479,6.5615161238045525,0.6561344442696407,0.8524311464408348,0.8635494207513743,13.122974356289568
42,6.5576977080847385,0.6557584380257059,0.558369568819125,0.5733205933542647,6.5577560204726,0.6557584380257059,0.8489708078683481,0.8683972609113659,13.11545366366234,6.559201230673954,0.6559087872505188,0.5572311413699182,0.5778148379819147,6.559258799717344,0.6559087872505188,0.8504861996091645,0.8616392312378719,13.118460240857354
43,6.555445470753506,0.6555332185248651,0.5598326857978776,0.5746369464157601,6.555503345805512,0.6555332185248651,0.8470177692774485,0.8665320559366215,13.11094890684771,6.5570448119064855,0.6556931138038635,0.5586778722960374,0.5792020168797724,6.557101960017763,0.6556931138038635,0.8485498095380849,0.8597298708455315,13.114146561458194
44,6.553292669488128,0.6553178993907905,0.5612931942798682,0.5759611027480582,6.553349912519286,0.6553178993907905,0.8450747745982289,0.8646664280863203,13.1066427625848,6.554982524082578,0.6554868874878719,0.5601211531408902,0.5805929923879689,6.555039405822754,0.6554868874878719,0.8466243464371254,0.8578245598694374,13.110021985810379
45,6.551233142085329,0.6551119247837179,0.5627492514587719,0.5772902965545654,6.5512897925969416,0.6551119247837179,0.8431442806706626,0.8628036887688044,13.102523115259656,6.553010973437079,0.6552896384535165,0.5615595061203529,0.5819853083840731,6.55306642466578,0.6552896384535165,0.8447121365316983,0.8559263907629868,13.106077398102858
46,6.549262340252216,0.6549147952943158,0.5641991753549971,0.5786221373010669,6.549318037089511,0.6549147952943158,0.8412283397990571,0.8609466566841983,13.098580377341728,6.551122530575456,0.6551007969626065,0.562991044850185,0.58337677347249,6.551177715433055,0.6551007969626065,0.842815178427203,0.8540377053721198,13.102300512379614
47,6.547374812808968,0.654726039023089,0.565641488549272,0.5799544665235035,6.547430148491492,0.654726039023089,0.8393288790826967,0.8590978588578264,13.094804780723075,6.549313535361454,0.6549198722017222,0.5644146754823882,0.5847653487633014,6.549368032915839,0.6549198722017222,0.840934928943371,0.8521609458430061,13.098681568277293
48,6.545565842171393,0.6545451064786968,0.5670749411075073,0.5812852788253648,6.545620430150681,0.6545451064786968,0.8374473837000378,0.8572595486274133,13.091186478293153,6.547580396717993,0.6547465011991304,0.565829100691039,0.5861493180538045,6.54763394059806,0.6547465011991304,0.8390730253581343,0.8502979368999086,13.095214337316053
49,6.5438319889046035,0.6543716724807694,0.5684983067258575,0.582612952184395,6.543886009758041,0.6543716724807694,0.8355852651172841,0.8554336425115371,13.087717818085258,6.545917899033119,0.6545802317816636,0.5672331546914988,0.5875271788958846,6.545971176542085,0.6545802317816636,0.8372307440330242,0.8484504070775262,13.091889230136214
50,6.542168160162029,0.6542052728889962,0.5699106077470723,0.5839358663417884,6.542221563102226,0.6542052728889962,0.8337435849319549,0.8536218330704954,13.084389929235334,6.54432309578205,0.6544207342739763,0.5686261222280306,0.5888973885569079,6.544375475521745,0.6544207342739763,0.8354089403974598,0.8466198395038473,13.08869836083774
51,6.540571523135935,0.6540456001575177,0.5713110305148469,0.5852526211174283,6.540624203766591,0.6540456001575177,0.8319234322514054,0.8518255328285623,13.081195932873607,6.542791682276232,0.654267563491032,0.5700069970098035,0.590258919781652,6.54284358517877,0.654267563491032,0.8336087539278227,0.8448074225721688,13.085635533826105
52,6.539038223627756,0.6538922289419457,0.5726986277032886,0.5865621475073007,6.539090362526256,0.6538922289419457,0.8301255787618061,0.850046010412408,13.078128611547706,6.54132121842483,0.6541204880023824,0.5713751883342348,0.591610613773609,6.5413719012819485,0.6541204880023824,0.8318306737932666,0.8430143537192509,13.082693119706779
53,6.53756483348869,0.6537448806170176,0.5740728935546423,0.587863238958212,6.537616173896564,0.6537448806170176,0.8283506593055273,0.8482843884349575,13.075181007385254,6.539907958589751,0.6539791185280373,0.5727299825898532,0.5929515045264672,6.539958430980814,0.6539791185280373,0.8300755414469488,0.8412413917738816,13.07986617910451
54,6.53614916321794,0.653603276557471,0.5754332076868361,0.5891549611938071,6.536200117077348,0.653603276557471,0.8265992974388529,0.8465415412152307,13.072349254901592,6.53854901543979,0.6538432203490159,0.574070994196267,0.5942807838834565,6.538599487830853,0.6538432203490159,0.8283436951966121,0.8394894081970741,13.077148292804587
55,6.534786881779778,0.6534670203395144,0.576779036832279,0.5904364977362593,6.534837203618338,0.6534670203395144,0.8248718715983735,0.8448183060397764,13.069624150293114,6.53724207384833,0.6537124707781036,0.5753975954549065,0.5955976103914196,6.5372909052618615,0.6537124707781036,0.8266355646067652,0.8377590812485793,13.074532923205146
56,6.533476222901655,0.6533359074028287,0.5781099976167171,0.591707098060811,6.533525746249588,0.6533359074028287,0.8231687492872837,0.8431152849507755,13.06700187886255,6.535983851860309,0.6535866507168474,0.5767095006745437,0.5969014739168101,6.536032627368796,0.6535866507168474,0.824951447700632,0.8360508281609108,13.072016479229106
57,6.532214429956921,0.6532097268386705,0.5794257355864937,0.5929661181551464,6.532263592150084,0.6532097268386705,0.8214902027824221,0.8414329978135916,13.064477931818313,6.53477254078306,0.6534655024265421,0.5780063592154404,0.59819182568583,6.534820839454388,0.6534655024265421,0.823291630169441,0.8343650151943338,13.069593324332402
58,6.530999234442175,0.6530881756861534,0.5807259220343369,0.5942130392119729,6.531047854903182,0.6530881756861534,0.8198363788029146,0.8397719373364421,13.062046999056664,6.5336049573174835,0.6533487402159592,0.5792879256708868,0.5994680819840267,6.533652568685597,0.6533487402159592,0.821656190937963,0.8327021508381285,13.067257736469138
59,6.529828136489236,0.6529710317504477,0.5820103185416678,0.5954473025700044,6.529875958459617,0.6529710317504477,0.8182074286528593,0.8381323994264095,13.059704391208626,6.5324810455585345,0.6532362711840662,0.5805539616223039,0.6007300307010782,6.532527969623434,0.6532362711840662,0.8200452492154878,0.831062310317467,13.065009071087015
60,6.528698983277089,0.652858111279956,0.583278802724985,0.5966685636509099,6.528746328410312,0.652858111279956,0.8166033428096207,0.8365146866916905,13.057445492264787,6.531396218003898,0.6531277919637746,0.5818043548485329,0.6019771090869246,6.531442819792649,0.6531277919637746,0.8184587577293659,0.8294457969994381,13.062838771425444
61,6.527610127037094,0.6527492001917236,0.5845312052929895,0.5978763925253286,6.5276570856218505,0.6527492001917236,0.8150240778923035,0.834918980767741,13.055267006687863,6.530349593326963,0.6530231151087531,0.5830388932392515,0.6032091523038929,6.5303955078125,0.6530231151087531,0.8168967251119943,0.8278526721329524,13.060745101139464
62,6.526559335945626,0.6526440985104036,0.5857673844642187,0.5990705588865562,6.526605572220841,0.6526440985104036,0.813469651535418,0.8333453892250738,13.053164702195387,6.529340076446533,0.6529221090777168,0.5842576363991047,0.6044259465973952,6.5293850931628,0.6529221090777168,0.8153590831263312,0.8262829287298794,13.05872522551438
63,6.5255451682051255,0.6525426372973877,0.5869873144922877,0.6002507456660976,6.525590631383411,0.6525426372973877,0.8119398736389432,0.8317940358579512,13.051136005559616,6.528365549547919,0.6528246353412497,0.5854604388105458,0.6056272815013753,6.52841035579813,0.6528246353412497,0.8138456282944515,0.8247366613355176,13.056775638974946
64,6.52456551049588,0.6524446521990398,0.5881909615189366,0.6014168096717293,6.524610677414392,0.6524446521990398,0.8104346461550018,0.8302648896296349,13.04917645877635,6.527423993472396,0.6527304608246376,0.5866472005844117,0.6068129905338945,6.527468211075355,0.6527304608246376,0.8123563729483506,0.8232137507405775,13.054891994081695
65,6.523619033881193,0.6523499964962344,0.5893782722879444,0.6025686077112277,6.523663543385162,0.6523499964962344,0.8089538449366417,0.8287579276152617,13.047282732450045,6.526514033613534,0.6526394346664692,0.5878180549062532,0.607983007102177,6.526557830284382,0.6526394346664692,0.8108909191756413,0.821714056771377,13.053072074363971
66,6.5227044771408895,0.6522585075987867,0.5905493483740902,0.6037059207639751,6.522748600096392,0.6522585075987867,0.8074971381023791,0.8272731385287448,13.045453077237282,6.525635081324084,0.6525514956178337,0.5889729614915519,0.6091372329613258,6.5256779802256615,0.6525514956178337,0.8094493475453607,0.8202376546530888,13.051313216110756
67,6.521820178398719,0.6521700454886848,0.5917042042376727,0.6048287474192106,6.521863669333373,0.6521700454886848,0.8060643761115667,0.8258104059823166,13.0436837574434,6.524784009209995,0.6524663859400256,0.5901119992650788,0.6102756664670747,6.524826375369368,0.6524663859400256,0.8080311076394443,0.8187841727815826,13.049610230018352
68,6.520964834111682,0.6520844891931884,0.5928428511647783,0.6059369896290571,6.521007616844403,0.6520844891931884,0.8046552831604636,0.824369557157776,13.04197242556239,6.52396088633044,0.6523840600046619,0.5912352820922588,0.6113982882992974,6.524003196584768,0.6523840600046619,0.8066360802486026,0.8173535585403442,13.047964293381263
69,6.520136847298526,0.6520016824705361,0.5939654259992069,0.6070306667914758,6.520179449453861,0.6520016824705361,0.8032696162455181,0.8229504516844214,13.040316090781308,6.523164522236791,0.6523044039463175,0.5923427573565779,0.6125050844817326,6.52320620109295,0.6523044039463175,0.8052640672387748,0.8159455085622853,13.04637072332974
70,6.519335600046011,0.6519215255093997,0.5950720398383733,0.6081097097791863,6.519377635075496,0.6519215255093997,0.8019070452486975,0.8215529541292134,13.038713235121508,6.522393555476747,0.6522272862237075,0.5934347144488631,0.6135961355834172,6.5224349679618046,0.6522272862237075,0.8039147163259572,0.8145599159701117,13.044828677999563
71,6.518559467157669,0.6518439054489136,0.5961628394014031,0.6091741415170523,6.518601115638687,0.6518439054489136,0.8005672830801743,0.820176825720883,13.037160376825277,6.521647019221865,0.6521525929714072,0.5945111743335066,0.6146714469482158,6.5216874780326055,0.6521525929714072,0.8025876785146779,0.8131964634204732,13.043334342693461
72,6.517807624749178,0.6517686628731045,0.5972378648949798,0.6102240424184404,6.517848525526961,0.6517686628731045,0.7992499900992805,0.8188218439119102,13.035656330853524,6.520923131087731,0.6520802066243928,0.5955722562197981,0.6157311834138015,6.520963168966359,0.6520802066243928,0.8012826874338347,0.8118549001627955,13.041886033682987
73,6.5170792094349155,0.6516958284660204,0.5982973095933362,0.6112594562169362,6.517119878847923,0.6516958284660204,0.7979548795688787,0.8174877667568139,13.034198907705454,6.520221345178012,0.6520100133172397,0.5966180863051579,0.6167754395254728,6.520261327151594,0.6520100133172397,0.7999995046648486,0.8105348755573404,13.04048246186355
74,6.516372519837328,0.6516251588714194,0.5993413491361945,0.6122804523925104,6.516412828095566,0.6516251588714194,0.7966816196074853,0.8161744073297851,13.03278516735551,6.519541451026654,0.6519419937298215,0.5976488960200342,0.6178041610224494,6.519581166629133,0.6519419937298215,0.7987376147303088,0.8092363423314588,13.039122140818629
75,6.515687891717493,0.651556662201176,0.6003701348276533,0.613287106773557,6.515727452272494,0.651556662201176,0.7954298381269331,0.8148814446827364,13.031415318596293,6.518882396303375,0.6518760286528489,0.598664771277329,0.6188176985444693,6.518920737299426,0.6518760286528489,0.7974968844446643,0.8079587640433475,13.037802768575734
76,6.51502366319916,0.6514902016114906,0.6013837795285784,0.614279532220942,6.5150627723106975,0.6514902016114906,0.7941992547385086,0.813608579028993,13.030086731769629,6.5182423164104595,0.6518120181971583,0.599665931175495,0.6198160257832758,6.518280446940455,0.6518120181971583,0.7962768756110092,0.8067018915866984,13.036523029722016
77,6.51437903297018,0.6514257157342673,0.602382513545674,0.615257846533194,6.514417730139558,0.6514257157342673,0.7929894476247257,0.8123556329653814,13.028796878792125,6.5176209581309354,0.6517499097462358,0.6006525598723312,0.6207992742801535,6.517659088660931,0.6517499097462358,0.7950771270127132,0.8054655971198247,13.035279780420764
78,6.513753126358845,0.6513631241561393,0.6033665382650477,0.6162220980288714,6.513791617557142,0.6513631241561393,0.7918000700911121,0.811122293655689,13.02754447304991,6.517017831473515,0.6516895771026612,0.6016247325930102,0.6217677367144617,6.51705537335626,0.6516895771026612,0.7938975704127345,0.8042493125488018,13.03407341529583
79,6.513145054585835,0.6513023108420287,0.6043359922939504,0.6171725431137537,6.513182888369588,0.6513023108420287,0.7906308533877311,0.809908234156095,13.026327968349118,6.516432459601041,0.6516309939581773,0.6025827966887375,0.62272147803471,6.516469370085618,0.6516309939581773,0.7927377236300501,0.8030528327514386,13.032901829686658
80,6.51255481765115,0.6512432613316372,0.6052910960637606,0.6181092269321871,6.512592470857519,0.6512432613316372,0.7894813464238093,0.8087131479788109,13.025146901960204,6.515863523812129,0.6515740604236209,0.6035268027206947,0.6236606630785712,6.515899957459548,0.6515740604236209,0.7915971817641423,0.8018759439731467,13.031763958108836
81,6.511981357484174,0.6511858740501856,0.6062320689477864,0.619032330061557,6.512018353275999,0.6511858740501856,0.7883512913828066,0.8075367868299315,13.023999801048866,6.515310504518706,0.651518751835001,0.6044569928070594,0.624585484636241,6.515346727700069,0.651518751835001,0.7904756800881747,0.800718225281814,13.030657498589877
82,6.511424146460358,0.6511301281889514,0.6071590058196931,0.6199420154447386,6.511460755703717,0.6511301281889514,0.7872402308255257,0.8063787899073764,13.022884786481688,6.514772842670309,0.6514649859790145,0.6053735071215136,0.6254961354979154,6.514809009946625,0.6514649859790145,0.7893728942706667,0.7995793104171753,13.029581642150879
83,6.510881883858223,0.6510758964267708,0.6080722128145793,0.6208384037017822,6.510918016264425,0.6510758964267708,0.7861479263333879,0.805238981218733,13.021799900122648,6.514250143643083,0.6514127118834134,0.6062766436872811,0.6263927525487439,6.5142856236161855,0.6514127118834134,0.78828834747446,0.7984590028894358,13.028535711354223
84,6.510354606357552,0.6510231706517688,0.6089718913185526,0.62172168704885,6.51039044250398,0.6510231706517688,0.785073975134178,0.8041169435314878,13.020744933179145,6.513741762884732,0.6513618366471652,0.6071664884172637,0.627275549543315,6.513776766020676,0.6513618366471652,0.7872219537866527,0.7973568838218162,13.027518528905409
85,6.509841930231399,0.6509718704505785,0.6098581700635379,0.6225920118523772,6.509877470118054,0.6509718704505785,0.7840180502840753,0.8030124398378226,13.019719400349453,6.51324778589709,0.6513123849342609,0.6080433393346852,0.6281447299595537,6.51328210172982,0.6513123849342609,0.7861730978406709,0.7962726165508401,13.026530153998014
86,6.509343260138698,0.6509219795994504,0.6107313230898254,0.6234495780877107,6.509378438870582,0.6509219795994504,0.7829797860433364,0.801925125206716,13.018721879586666,6.512765966612717,0.6512641935512937,0.6089072753643168,0.6290004672675297,6.512800226540401,0.6512641935512937,0.785141685091216,0.7952060415826995,13.025566403619175
87,6.508857230462971,0.6508733644287967,0.6115914646690414,0.6242944809812061,6.508891842069005,0.6508733644287967,0.7819588843887374,0.8008547224236663,13.017749097925671,6.512297288302718,0.6512173204586423,0.6097586487901622,0.6298429456250421,6.512330860927187,0.6512173204586423,0.7841272140371388,0.7941566434399835,13.024628093324859
88,6.508384797700058,0.6508260975927996,0.6124388991728337,0.6251269896354901,6.508418842180241,0.6508260975927996,0.7809549700578994,0.7998009510999601,13.016803820457683,6.5118405999808475,0.6511716674114095,0.6105974912643433,0.6306724227707962,6.511874172605317,0.6511716674114095,0.7831294849001128,0.7931241960361086,13.0237144075591
89,6.507924102467193,0.6507800161485842,0.6132737475739428,0.6259472408943628,6.5079580566586825,0.6507800161485842,0.7799677965203686,0.7987634888767491,13.015882249414569,6.511395776682886,0.6511271731606845,0.6114240884780884,0.6314890265464783,6.511429349307356,0.6511271731606845,0.7821481540285308,0.7921084679406265,13.022825070085197
90,6.507475339449369,0.6507351363198997,0.6140962740373329,0.6267554139244486,6.507509062276084,0.6507351363198997,0.7789969289091212,0.7977420246812719,13.014984311436761,6.510963042029019,0.6510838586708595,0.6122386595298503,0.6322928938372382,6.510995927350274,0.6510838586708595,0.781182730608973,0.7911090822055422,13.02195917984535
91,6.5070378512320435,0.6506913759299284,0.614906637978977,0.6275516392211237,6.507071483770066,0.6506913759299284,0.7780420818977808,0.7967363603016329,13.014109335002109,6.510541610060067,0.6510416783135513,0.6130413746011668,0.6330843822709445,6.5105737521730624,0.6510416783135513,0.7802331357166685,0.7901256688709917,13.021115362233129
92,6.506612283943673,0.6506487882348913,0.6157050633571557,0.6283361502653043,6.506645194172154,0.6506487882348913,0.777102970512661,0.7957461620928973,13.013257478115827,6.510129925300335,0.6510005112352042,0.6138323492017286,0.6338635128119896,6.510161590576172,0.6510005112352042,0.779298997747487,0.7891581264035455,13.020291571781554
93,6.506197153463871,0.6506072378017493,0.6164917547321884,0.6291090941288062,6.506229380884114,0.6506072378017493,0.7761792854444515,0.7947711158080919,13.012426444059294,6.509728842768176,0.6509603977203369,0.6146119183507459,0.6346306554202376,6.509760508044013,0.6509603977203369,0.7783799537296953,0.7882059200056668,13.019489406717234
94,6.505792138139172,0.6505667327423773,0.6172668457736631,0.6298707025290946,6.505824275270721,0.6505667327423773,0.7752707399560149,0.7938109347100794,13.011616413409893,6.50933731013331,0.6509212325359213,0.6153801626172559,0.6353858890204594,6.509368975409146,0.6509212325359213,0.7774757249601956,0.787268904159809,13.018705920515389
95,6.505397006604799,0.6505272021660438,0.6180306281563799,0.6306210900904864,6.505428937765268,0.6505272021660438,0.7743769457354348,0.7928654639678594,13.010825918976371,6.508956057449867,0.6508831139268546,0.6161373010997114,0.636129406402851,6.508987722725704,0.6508831139268546,0.7765860783642736,0.7863467405582296,13.01794425701273
96,6.505011629070756,0.650488668644922,0.6187832098035417,0.6313604581990891,6.505043444548838,0.650488668644922,0.7734977095084783,0.7919342281550346,13.010055163908287,6.508583611455457,0.6508458244389501,0.6168835179559116,0.6368614389978606,6.508614323056977,0.6508458244389501,0.7757106912547145,0.785439211746742,13.0171982995395
97,6.504635336836414,0.6504510355418955,0.6195248273702768,0.6320889729719895,6.5046666105823405,0.6504510355418955,0.7726327075055365,0.7910170999504406,13.009301676552676,6.508220968575313,0.650809514933619,0.6176190392724399,0.6375821183467734,6.508250726502517,0.650809514933619,0.7748492779402897,0.7845459584532113,13.016471639172785
98,6.504268412053937,0.6504143092053882,0.6202556437994602,0.6328067920617098,6.50429902838532,0.6504143092053882,0.7717815789245289,0.790113849047373,13.00856759562295,6.507866178709885,0.65077403454945,0.6183439912467167,0.6382917301408175,6.507895936637089,0.65077403454945,0.7740015473859063,0.78366675623532,13.015761750319909
99,6.5039104173874716,0.6503784913988508,0.6209759020946435,0.6335141108586237,6.5039409180364665,0.6503784913988508,0.7709441625860316,0.7892241657838314,13.00785142571263,6.5075195509811925,0.6507393693101817,0.6190586246293167,0.6389903269965073,6.507549308908397,0.6507393693101817,0.7731672208884667,0.7828014402553953,13.015068803984544
